code,name,nature,requires_third_party,is_withholding,dian_concept
1,ACTIVO,Debito,false,false,
11,DISPONIBLE,Debito,false,false,
1105,CAJA,Debito,false,false,
110505,CAJA GENERAL,Debito,false,false,
110510,CAJAS MENORES,Debito,false,false,
1110,BANCOS,Debito,false,false,
111005,MONEDA NACIONAL,Debito,false,false,
111010,MONEDA EXTRANJERA,Debito,false,false,
1120,CUENTAS DE AHORRO,Debito,false,false,
112005,BANCOS,Debito,false,false,
12,INVERSIONES,Debito,false,false,
1205,ACCIONES,Debito,false,false,
120505,ACCIONES,Debito,false,false,
13,DEUDORES,Debito,false,false,
1305,CLIENTES,Debito,false,false,
130505,NACIONALES,Debito,true,false,
130510,DEL EXTERIOR,Debito,true,false,
1330,ANTICIPOS Y AVANCES,Debito,false,false,
133005,A PROVEEDORES,Debito,true,false,
1355,ANTICIPO DE IMPUESTOS Y CONTRIBUCIONES O SALDOS A FAVOR,Debito,false,false,
135505,ANTICIPO DE IMPUESTO DE RENTA Y COMPLEMENTARIOS,Debito,false,false,
135515,RETENCION EN LA FUENTE,Debito,false,false,
135517,IMPUESTO A LAS VENTAS RETENIDO,Debito,false,false,
135518,IMPUESTO DE INDUSTRIA Y COMERCIO RETENIDO,Debito,false,false,
14,INVENTARIOS,Debito,false,false,
1435,MERCANCIAS NO FABRICADAS POR LA EMPRESA,Debito,false,false,
143505,MERCANCIAS NO FABRICADAS POR LA EMPRESA,Debito,false,false,
15,"PROPIEDADES, PLANTA Y EQUIPO",Debito,false,false,
1504,TERRENOS,Debito,false,false,
150405,URBANOS,Debito,false,false,
1516,CONSTRUCCIONES Y EDIFICACIONES,Debito,false,false,
151605,EDIFICIOS,Debito,false,false,
1524,EQUIPO DE OFICINA,Debito,false,false,
152405,MUEBLES Y ENSERES,Debito,false,false,
1528,EQUIPO DE COMPUTACION Y COMUNICACION,Debito,false,false,
152805,EQUIPO DE PROCESAMIENTO DE DATOS,Debito,false,false,
1540,FLOTA Y EQUIPO DE TRANSPORTE,Debito,false,false,
154005,"AUTOS, CAMIONETAS Y CAMPEROS",Debito,false,false,
1592,DEPRECIACION ACUMULADA,Crédito,false,false,
159205,CONSTRUCCIONES Y EDIFICACIONES,Crédito,false,false,
159215,EQUIPO DE OFICINA,Crédito,false,false,
2,PASIVO,Crédito,false,false,
21,OBLIGACIONES FINANCIERAS,Crédito,false,false,
2105,BANCOS NACIONALES,Crédito,false,false,
210505,SOBREGIROS,Crédito,false,false,
210510,PAGARES,Crédito,false,false,
22,PROVEEDORES,Crédito,false,false,
2205,NACIONALES,Crédito,true,false,
2210,DEL EXTERIOR,Crédito,true,false,
23,CUENTAS POR PAGAR,Crédito,false,false,
2335,COSTOS Y GASTOS POR PAGAR,Crédito,false,false,
233525,HONORARIOS,Crédito,true,false,
233530,SERVICIOS TECNICOS,Crédito,true,false,
2365,RETENCION EN LA FUENTE,Crédito,false,false,
236505,SALARIOS Y PAGOS LABORALES,Crédito,true,true,5001
236515,HONORARIOS,Crédito,true,true,5002
236520,COMISIONES,Crédito,true,true,5003
236525,SERVICIOS,Crédito,true,true,5004
236530,ARRENDAMIENTOS,Crédito,true,true,5005
236535,RENDIMIENTOS FINANCIEROS,Crédito,true,true,5006
236540,COMPRAS,Crédito,true,true,5007
2367,IMPUESTO A LAS VENTAS RETENIDO,Crédito,true,true,
2368,IMPUESTO DE INDUSTRIA Y COMERCIO RETENIDO,Crédito,true,true,
24,"IMPUESTOS, GRAVAMENES Y TASAS",Crédito,false,false,
2404,DE RENTA Y COMPLEMENTARIOS,Crédito,false,false,
2408,IMPUESTO SOBRE LAS VENTAS POR PAGAR,Crédito,false,false,
2412,DE INDUSTRIA Y COMERCIO,Crédito,false,false,
25,OBLIGACIONES LABORALES,Crédito,false,false,
2505,SALARIOS POR PAGAR,Crédito,true,false,
2510,CESANTIAS CONSOLIDADAS,Crédito,false,false,
2515,INTERESES SOBRE CESANTIAS,Crédito,false,false,
2520,PRIMA DE SERVICIOS,Crédito,false,false,
2525,VACACIONES CONSOLIDADAS,Crédito,false,false,
3,PATRIMONIO,Crédito,false,false,
31,CAPITAL SOCIAL,Crédito,false,false,
3105,CAPITAL SUSCRITO Y PAGADO,Crédito,false,false,
310505,CAPITAL AUTORIZADO,Crédito,false,false,
3115,APORTES SOCIALES,Crédito,false,false,
311505,CUOTAS O PARTES DE INTERES SOCIAL,Crédito,false,false,
33,RESERVAS,Crédito,false,false,
3305,RESERVAS OBLIGATORIAS,Crédito,false,false,
330505,RESERVA LEGAL,Crédito,false,false,
36,RESULTADOS DEL EJERCICIO,Crédito,false,false,
3605,UTILIDAD DEL EJERCICIO,Crédito,false,false,
3610,PERDIDA DEL EJERCICIO,Debito,false,false,
37,RESULTADOS DE EJERCICIOS ANTERIORES,Crédito,false,false,
3705,UTILIDADES ACUMULADAS,Crédito,false,false,
3710,PERDIDAS ACUMULADAS,Debito,false,false,
4,INGRESOS,Crédito,false,false,
41,OPERACIONALES,Crédito,false,false,
4135,COMERCIO AL POR MAYOR Y AL POR MENOR,Crédito,false,false,
413505,VENTA DE MERCANCIAS,Crédito,false,false,
4175,DEVOLUCIONES EN VENTAS,Debito,false,false,
417505,DEVOLUCIONES EN VENTAS,Debito,false,false,
42,NO OPERACIONALES,Crédito,false,false,
4210,FINANCIEROS,Crédito,false,false,
421005,INTERESES,Crédito,false,false,
4295,DIVERSOS,Crédito,false,false,
429505,APROVECHAMIENTOS,Crédito,false,false,
5,GASTOS,Debito,false,false,
51,OPERACIONALES DE ADMINISTRACION,Debito,false,false,
5105,GASTOS DE PERSONAL,Debito,false,false,
510506,SUELDOS,Debito,true,false,5001
510527,AUXILIO DE TRANSPORTE,Debito,true,false,5001
5110,HONORARIOS,Debito,false,false,
511025,ASESORIA JURIDICA,Debito,true,false,5002
511035,ASESORIA TECNICA,Debito,true,false,5002
5115,IMPUESTOS,Debito,false,false,
511505,INDUSTRIA Y COMERCIO,Debito,false,false,
5120,ARRENDAMIENTOS,Debito,false,false,
512010,CONSTRUCCIONES Y EDIFICACIONES,Debito,true,false,5005
5135,SERVICIOS,Debito,false,false,
513525,ACUEDUCTO Y ALCANTARILLADO,Debito,true,false,5004
513530,ENERGIA ELECTRICA,Debito,true,false,5004
513535,TELEFONO,Debito,true,false,5004
5140,GASTOS LEGALES,Debito,false,false,
514005,NOTARIALES,Debito,true,false,5004
5145,MANTENIMIENTO Y REPARACIONES,Debito,false,false,
514510,CONSTRUCCIONES Y EDIFICACIONES,Debito,true,false,5004
5195,DIVERSOS,Debito,false,false,
519530,ELEMENTOS DE ASEO Y CAFETERIA,Debito,true,false,5007
519535,"UTILES, PAPELERIA Y FOTOCOPIAS",Debito,true,false,5007
52,OPERACIONALES DE VENTAS,Debito,false,false,
5205,GASTOS DE PERSONAL,Debito,false,false,
520506,SUELDOS,Debito,true,false,5001
5235,SERVICIOS,Debito,false,false,
523535,TELEFONO,Debito,true,false,5004
53,NO OPERACIONALES,Debito,false,false,
5305,FINANCIEROS,Debito,false,false,
530505,GASTOS BANCARIOS,Debito,true,false,5006
530520,INTERESES,Debito,true,false,5006
54,IMPUESTO DE RENTA Y COMPLEMENTARIOS,Debito,false,false,
5405,IMPUESTO DE RENTA Y COMPLEMENTARIOS,Debito,false,false,
59,GANANCIAS Y PERDIDAS,Debito,false,false,
5905,GANANCIAS Y PERDIDAS,Debito,false,false,
6,COSTOS DE VENTAS,Debito,false,false,
61,COSTO DE VENTAS Y DE PRESTACION DE SERVICIOS,Debito,false,false,
6135,COMERCIO AL POR MAYOR Y AL POR MENOR,Debito,false,false,
613505,COSTO DE MERCANCIAS VENDIDAS,Debito,false,false,
62,COMPRAS,Debito,false,false,
6205,DE MERCANCIAS,Debito,false,false,
620505,COMPRAS DE MERCANCIAS,Debito,true,false,5007
